[
{
"plvr": "gato",
"tema": "animal",
"dica": "ele tem 4 patas, e o rugido dele começa com m 😉"
},
{
"plvr": "cachorro",
"tema": "animal",
"dica": "ele tem 4 patas, e é considerado o melhor um amigo fiel"
},
{
"plvr": "brasil",
"tema": "países",
"dica": "já perdeu de 7x1 na copa"
},
{
"plvr": "eletrônica",
"tema": "gênero musical",
"dica": "tem dj"
},
{
"plvr": "basquete",
"tema": "Esporte",
"dica": "a maioria que pratica usa jordan"
},
{
"plvr": "repórter",
"tema": "profissão",
"dica": "costuma passar na televisão"
},
{
"plvr": "esfirra",
"tema": "comida",
"dica": "costuma ser vendido em pizzaria "
},
{
"plvr": "girafa",
"tema": "animal",
"dica": "existe um restaurante com seu símbolo"
},
{
"plvr": "covid-19",
"tema": "doenças",
"dica": "foi obrigatório usar máscaras durante a pandemia"
},
{
"plvr": "pneumonia",
"tema": "doenças",
"dica": "um tipo de inflamação que afeta os pulmões"
},
{
"plvr": "vingadores",
"tema": "cinema",
"dica": "um filme da companhia marvel"
},
{
"plvr": "pirulito",
"tema": "doces",
"dica": "é de chupar 😳 "
},
{
"plvr": "dragão",
"tema": "lendas e mitologia",
"dica": "são jorge é retratado derrotando um"
},
{
"plvr": "flores",
"tema": "natureza",
"dica": "as pessoas costumam levar em velórios"
},
{
"plvr": "flamingo",
"tema": "animal",
"dica": "é uma ave de bico encurvado,e cuja plumagem pode ser bastante colorida em tons de rosa vivo."
},
{
"plvr": "guilhotina",
"tema": "instrumento",
"dica": "foi um instrumento utilizado durante a revolução francesa para aplicar a pena de morte por decapitação."
},
{
"plvr": "jabuticaba",
"tema": "frutas",
"dica": "é uma fruta de cor escura"
},
{
"plvr": "kratos",
"tema": "personagem de um Jogo",
"dica": "personagem principal de um jogo baseado em distintas mitologias "
},
{
"plvr": "laranja",
"tema": "fruta",
"dica": "pode ser uma cor também"
},
{
"plvr": "pinça",
"tema": "utensílio",
"dica": "utilizado para pegar objetos sem que a mão lhes toque diretamente"
},
{
"plvr": "tucano",
"tema": "animal",
"dica": "uma ave que tem um grande bico"
},
{
"plvr": "xícara",
"tema": "utensílios",
"dica": "bom para tomar um chá"
},
{
"plvr": "amarelo",
"tema": "Cores",
"dica": "tem no arco íris"
},
{
"plvr": "viajar",
"tema": "entretenimento",
"dica": "algo que fazemos ou temos vontade de fazer de acordo com a situação ou condição"
},
{
"plvr": "ônibus",
"tema": "transporte",
"dica": "é ultilizado para chegar em algum local"
},
{
"plvr": "lápis",
"tema": "ultilidade publica",
"dica": "tem na escola"
},
{
"plvr": "relógio",
"tema": "ultidade publica",
"dica": "tem no celular"
},
{
"plvr": "praia",
"tema": "lugares",
"dica": "tem muita areia"
},
{
"plvr": "cozinha",
"tema": "compartimento de uma residência",
"dica": "o lugar que tu vai quando está com fome"
},
{
"plvr": "chocolate",
"tema": "doces",
"dica": "é ótimo para acalmar mulher com tpm 😂"
},
{
"plvr": "limão",
"tema": "frutas",
"dica": "é azeda"
},
{
"plvr": "mãe",
"tema": "familia",
"dica": "tem um dia dedicado em sua homenagem no mês de maio "
},
{
"plvr": "dormir",
"tema": "dia a dia",
"dica": "algo que todo mundo faz mesmo que seja um pouco"
},
{
"plvr": "avião",
"tema": "modo de transporte",
"dica": "é algo que voa"
},
{
"plvr": "pão",
"tema": "alimentos",
"dica": "é algo que geralmente comemos no café da manhã"
},
{
"plvr": "formiga",
"tema": "insetos",
"dica": "é um inseto que não tem pulmões"
},
{
"plvr": "bolo",
"tema": "confeitaria",
"dica": "costuma a ser servido em aniversários"
},
{
"plvr": "adolescência",
"tema": "fases da vida",
"dica": "é algo que começa aos 10 anos e termina aos 19 anos completos"
},
{
"plvr": "russia",
"tema": "pais",
"dica": "pais com o maior território do mundo"
},
{
"plvr": "falcão",
"tema": "natureza",
"dica": "tem um cantor brasileiro conhecido com o mesmo nome"
},
{
"plvr": "azul",
"tema": "cores",
"dica": "tem em uma musica do manoel gomes"
},
{
"plvr": "vulcão",
"tema": "montanhas",
"dica": "existem aproximadamente 1.500 ativos em todo planeta terra"
},
{
"plvr": "sul",
"tema": "geografia",
"dica": "direção oposta ao norte"
},
{
"plvr": "megamente",
"tema": "filmes",
"dica": "é personagem de um filme e tem uma cabeça enorme"
},
{
"plvr": "chuchu",
"tema": "alimento",
"dica": "é uma verdura e dua cor é verde"
},
{
"plvr": "vermelho",
"tema": "cores",
"dica": "tem a mesma cor que tem o sangue"
},
{
"plvr": "carinho",
"tema": "gestos",
"dica": "algo que muitos fazem principalmente com os animais"
},
{
"plvr": "titanic",
"tema": "filmes",
"dica": "afundou"
},
{
"plvr": "borboleta",
"tema": "natureza",
"dica": "é um inseto polinizador"
},
{
"plvr": "amazônia",
"tema": "lugares",
"dica": "a maior floresta tropical do mundo "
},
{
"plvr": "sherek",
"tema": "filme",
"dica": "nesse filme tem um burro falante"
},
{
"plvr": "banheiro",
"tema": "compartimento de uma residência",
"dica": "lugar que você vai bastante quando toma aquela cervejinha 😂🍻"
},
{
"plvr": "bahia",
"tema": "lugares",
"dica": "é um estado brasileiro e uma de suas cidades se chama salvador"
},
{
"plvr": "salvador",
"tema": "lugares",
"dica": "umadas 10 maiores cidades da bahia"
},
{
"plvr": "manga",
"tema": "frutas",
"dica": "uma fruta que como mito se dizia que se tomar com leite morre 🙃"
},
{
"plvr": "sophia",
"tema": "nome de pessoa",
"dica": "nome feminino"
},
{
"plvr": "barbie",
"tema": "brinquedos",
"dica": "faz parte de filmes infantis"
},
{
"plvr": "redbull",
"tema": "bebidas",
"dica": "é uma marca de um energético"
},
{
"plvr": "goiabada",
"tema": "doces",
"dica": "um doce típico de portugal que veio através de uma fruta"
},
{
"plvr": "tomada",
"tema": "dispositivos",
"dica": "onde você coloca seu carregador do celular "
},
{
"plvr": "amora",
"tema": "frutas",
"dica": "mancha os dedos e até mesmo a roupa ao pegar da arvore"
},
{
"plvr": "acerola",
"tema": "frutas",
"dica": "quando está madura tem uma variação de cor que vai do vermelho ao vinho, passando pelo alaranjado"
},
{
"plvr": "strogonoff",
"tema": "comidas",
"dica": "um prato que era servido para a nobreza russa"
},
{
"plvr": "macarrão",
"tema": "comidas",
"dica": "é um tipo de massa alimentícia"
},
{
"plvr": "natal",
"tema": "lugares",
"dica": "tem o mesmo nome de um feriado do mês de dezembro"
},
{
"plvr": "vaticano",
"tema": "paises",
"dica": "menor pais no mundo"
},
{
"plvr": "primavera",
"tema": "estação do ano",
"dica": "vem depois de inverno"
},
{
"plvr": "handebol",
"tema": "esporte",
"dica": "envolve as mãos"
},
{
"plvr": "outono",
"tema": "estação do ano",
"dica": "vem depois do verão"
},
{
"plvr": "twitter",
"tema": "rede sociais",
"dica": "elon musk comprou"
},
{
"plvr": "whisky",
"tema": "bebida alcoólica",
"dica": "algumas pessoas mistura com energético"
},
{"plvr": "cartas",
"tema": "jogo",
"dica": "tem no baralho"
},
{
"plvr": "batedeira",
"tema": "eletro-domestico",
"dica": "é usado para bater massas"
},
{
"plvr": "lan house",
"tema": "lugar",
"dica": "provavelmente você ja foi nesse lugar tirar xerox ou jogar"
},
{
"plvr": "pastel",
"tema": "alimentos",
"dica": "bom de comer na feira"
},
{
"plvr": "carro",
"tema": "automóveis",
"dica": "tem 4 rodas"
},
{
"plvr": "cavalo",
"tema": "animais",
"dica": "tem 4 patas e pode te levar para passear montado nele"
},
{
"plvr": "uva",
"tema": "frutas",
"dica": "tem roxa e tem verde"
},
{
"plvr": "sucrilhos",
"tema": "alimentos",
"dica": "alguns tem um tigre na embalagem e é bom para acompanhar com leite ou danone"
},
{
"plvr": "cemitério",
"tema": "lugar",
"dica": "onde a maioria vai quando perde alguem próximo a ela"
},
{
"plvr": "professor",
"tema": "profissão",
"dica": "ja te deu aula"
},
{
"plvr": "boné",
"tema": "acessório de uso pessoal",
"dica": "serve para proreger o rosto do sol"
},
{
"plvr": "nestlé",
"tema": "doces",
"dica": "marca de chocolate"
},
{
"plvr": "idolomantis diabólica",
"tema": "inseto",
"dica": "é uma das maiores espécies de louva-a-deus que existe"
},
{
"plvr": "xadrez",
"tema": "jogo",
"dica": "jogo de tabuleiro de estratégia para 2 jogadores "
},
{
"plvr": "balaústre",
"tema": "construção",
"dica": "é uma peça ornamental usada na arquitetura que consiste em uma pequena coluna ou pilar"
},
{
"plvr": "ampulheta",
"tema": "objeto",
"dica": "é um artefato antigo que costumava a ser usado para medir o tempo"
},
{
"plvr": "daguerreótipo",
"tema": "objeto",
"dica": "nome dado ao antigo aparelho fotográfico inventado por Daguerre 1787-1851"
},
{
"plvr": "orycteropus",
"tema": "animal",
"dica": "conhecido como o porco-formigueiro ou da-terra"
},
{
"plvr": "elefante",
"tema": "animal",
"dica": "tem uma tromba longa"
},
{
"plvr": "banana",
"tema": "frutas",
"dica": "amarela por fora"
},
{
"plvr": "aviador",
"tema": "profissão",
"dica": "piloto de avião"
},
{
"plvr": "chaveiro",
"tema": "objeto",
"dica": "guarda chaves"
},
{
"plvr": "guitarra",
"tema": "instrumento musical",
"dica": "possui cordas"
},
{
"plvr": "montanha",
"tema": "geografia",
"dica": "pode ser escalada"
},
{
"plvr": "rosa",
"tema": "flores",
"dica": "tem espinhos"
},
{
"plvr": "futebol",
"tema": "esporte",
"dica": "jogado com os pés"
},
{
"plvr": "computador",
"tema": "tecnologia",
"dica": "usado para trabalhar e se divertir"
},
{
"plvr": "óculos",
"tema": "acessório",
"dica": "usado para melhorar a visão"
},
{
"plvr": "aranha",
"tema": "animal",
"dica": "tece teias"
},
{
"plvr": "pizza",
"tema": "comida",
"dica": "massa com recheio variado"
},
{
"plvr": "teclado",
"tema": "tecnologia",
"dica": "usado para digitar"
},
{
"plvr": "rio",
"tema": "geografia",
"dica": "fluxo de água natural"
},
{
"plvr": "girassol",
"tema": "flores",
"dica": "segue o sol"
},
{
"plvr": "nadador",
"tema": "profissão",
"dica": "nada profissionalmente"
},
{
"plvr": "bateria",
"tema": "instrumento musical",
"dica": "produz som com batidas"
},
{
"plvr": "deserto",
"tema": "geografia",
"dica": "área árida e seca"
},
{
"plvr": "astrônomo",
"tema": "profissão",
"dica": "estuda o espaço"
},
{
"plvr": "chocolate",
"tema": "comida",
"dica": "Derivado do cacau, com sabor doce e textura cremosa😳😈"
},
{
"plvr": "óleo",
"tema": "produto",
"dica": "usado na culinária e em motores"
},
{
"plvr": "pintor",
"tema": "profissão",
"dica": "cria arte visual"
},
{
"plvr": "espada",
"tema": "objeto",
"dica": "arma de lâmina longa"
},
{
"plvr": "violino",
"tema": "instrumento musical",
"dica": "tocado com arco"
},
{
"plvr": "oceano",
"tema": "geografia",
"dica": "grande corpo de água"
},
{
"plvr": "abelha",
"tema": "animal",
"dica": "produz mel"
},
{
"plvr": "escritor",
"tema": "profissão",
"dica": "cria histórias e livros"
},
{
"plvr": "bicicleta",
"tema": "meio de transporte",
"dica": "movida a pedaladas"
},
{
"plvr": "espelho",
"tema": "objeto",
"dica": "reflete a imagem"
},
{
"plvr": "estrela",
"tema": "astronomia",
"dica": "brilha no céu noturno"
},
{
"plvr": "anjo",
"tema": "seres mitológicos",
"dica": "guardião celestial"
},
{
"plvr": "piano",
"tema": "instrumento musical",
"dica": "possui teclas"
},
{
"plvr": "jardineiro",
"tema": "profissão",
"dica": "cuida de plantas e jardins"
},
{
"plvr": "trem",
"tema": "meio de transporte",
"dica": "circula sobre trilhos"
},
{
"plvr": "abacaxi",
"tema": "frutas",
"dica": "tem casca áspera"
},
{
"plvr": "engenheiro",
"tema": "profissão",
"dica": "projeta e constrói"
},
{
"plvr": "lápis",
"tema": "objeto",
"dica": "usado para escrever e desenhar"
},
{
"plvr": "lago",
"tema": "geografia",
"dica": "pequena extensão de água"
},
{
"plvr": "papagaio",
"tema": "animal",
"dica": "imita sons"
},
{
"plvr": "médico",
"tema": "profissão",
"dica": "cuida da saúde"
},
{
"plvr": "telefone",
"tema": "tecnologia",
"dica": "usado para comunicação"
},
{
"plvr": "caverna",
"tema": "geografia",
"dica": "cavidade natural"
},
{
"plvr": "hamburguer",
"tema": "comida",
"dica": "sanduíche de carne"
},
{
"plvr": "pintura",
"tema": "arte",
"dica": "expressão visual"
},
{
"plvr": "costureira",
"tema": "profissão",
"dica": "confecciona roupas"
},
{
"plvr": "barco",
"tema": "meio de transporte",
"dica": "navega na água"
},
{
"plvr": "melancia",
"tema": "frutas",
"dica": "fruta suculenta"
},
{
"plvr": "piloto",
"tema": "profissão",
"dica": "controla veículos"
},
{
"plvr": "fotografia",
"tema": "arte",
"dica": "captura imagens"
},
{
"plvr": "fotossíntese",
"tema": "Biologia",
"dica": "Processo em que as plantas convertem luz solar em energia."
},
{
"plvr": "álcali",
"tema": "Química",
"dica": "Substância química básica, com pH maior que 7."
},
{
"plvr": "quantum",
"tema": "Física",
"dica": "A menor quantidade de energia possível."
},
{
"plvr": "onomatopeia",
"tema": "Linguagem Portuguesa",
"dica": "Figura de linguagem que imita sons da natureza ou ações."
},
{
"plvr": "mutação",
"tema": "Biologia",
"dica": "Mudança na sequência de DNA de um organismo."
},
{
"plvr": "oxidação",
"tema": "Química",
"dica": "Reação química onde um composto perde elétrons."
},
{
"plvr": "relatividade",
"tema": "Física",
"dica": "Teoria de Einstein que descreve as relações entre espaço, tempo e gravidade."
},
{
"plvr": "metáfora",
"tema": "Linguagem Portuguesa",
"dica": "Figura de linguagem que faz comparações implícitas."
},
{
"plvr": "mitocôndria",
"tema": "Biologia",
"dica": "Organelo celular responsável pela produção de energia."
},
{
"plvr": "catalisador",
"tema": "Química",
"dica": "Substância que acelera uma reação química sem ser consumida."
},
{
"plvr": "gravidade",
"tema": "Física",
"dica": "Força de atração entre objetos com massa."
},
{
"plvr": "gramática",
"tema": "Linguagem Portuguesa",
"dica": "Conjunto de regras que regem a estrutura das frases em um idioma."
},
{
"plvr": "plasma",
"tema": "Física",
"dica": "Um estado da matéria composto por partículas carregadas."
},
{
"plvr": "enzima",
"tema": "Biologia",
"dica": "Proteínas que atuam como catalisadores em reações químicas."
},
{
"plvr": "polimerização",
"tema": "Química",
"dica": "Processo de formação de polímeros a partir de unidades menores."
},
{
"plvr": "sintaxe",
"tema": "Linguagem Portuguesa",
"dica": "O estudo das regras que governam a estrutura das frases em um idioma."
},
{
"plvr": "bioluminescência",
"tema": "Biologia",
"dica": "Emissão de luz por organismos vivos, como vaga-lumes e alguns peixes."
},
{
"plvr": "átomo",
"tema": "Química",
"dica": "A menor unidade de um elemento químico, composta por prótons, nêutrons e elétrons."
},
{
"plvr": "eletricidade",
"tema": "Física",
"dica": "Forma de energia resultante do movimento de elétrons."
},
{
"plvr": "metonímia",
"tema": "Linguagem Portuguesa",
"dica": "Figura de linguagem que substitui um termo por outro com o qual tem uma relação próxima."
},
{
"plvr": "genética",
"tema": "Biologia",
"dica": "O estudo dos genes e da hereditariedade."
},
{
"plvr": "isótopo",
"tema": "Química",
"dica": "Átomos do mesmo elemento químico com diferentes números de nêutrons."
},
{
"plvr": "mecânica quântica",
"tema": "Física",
"dica": "Teoria que descreve o comportamento de partículas subatômicas."
},
{
"plvr": "símile",
"tema": "Linguagem Portuguesa",
"dica": "Figura de linguagem que faz comparações usando *como* ou *parece*."
},
{
"plvr": "célula",
"tema": "Biologia",
"dica": "A unidade fundamental da vida, a menor parte de um organismo."
},
{
"plvr": "ácido nucleico",
"tema": "Química",
"dica": "Moléculas como DNA e RNA, que carregam informações genéticas."
},
{
"plvr": "mecânica clássica",
"tema": "Física",
"dica": "Teoria que descreve o movimento de objetos macroscópicos."
},
{
"plvr": "elipse",
"tema": "Linguagem Portuguesa",
"dica": "Figura de linguagem que omite um termo facilmente entendido no contexto."
},
{
"plvr": "evolução",
"tema": "Biologia",
"dica": "O processo pelo qual as espécies mudam ao longo do tempo."
},
{
"plvr": "reação química",
"tema": "Química",
"dica": "Processo no qual substâncias são transformadas em outras."
},
{
"plvr": "óptica",
"tema": "Física",
"dica": "O estudo da luz e como ela interage com objetos."
},
{
"plvr": "paradoxo",
"tema": "Linguagem Portuguesa",
"dica": "Uma afirmação que parece contraditória, mas pode ser verdadeira."
},
{
"plvr": "adaptabilidade",
"tema": "Biologia",
"dica": "A capacidade de um organismo se ajustar às mudanças em seu ambiente."
},
{
"plvr": "tabela periódica",
"tema": "Química",
"dica": "Tabela que organiza os elementos químicos por suas propriedades."
},
{
"plvr": "energia",
"tema": "Física",
"dica": "A capacidade de realizar trabalho ou causar mudanças."
},
{
"plvr": "pleonasmo",
"tema": "Linguagem Portuguesa",
"dica": "Uso redundante de palavras, muitas vezes por ênfase."
},
{
"plvr": "genoma",
"tema": "Biologia",
"dica": "O conjunto completo de genes de um organismo."
},
{
"plvr": "solução",
"tema": "Química",
"dica": "Mistura homogênea de substâncias em um solvente."
},
{
"plvr": "eletrônica",
"tema": "Física",
"dica": "Ramo da física que lida com o fluxo de elétrons."
},
{
"plvr": "aliteração",
"tema": "Linguagem Portuguesa",
"dica": "Repetição de sons consonantais em palavras próximas."
},
{
"plvr": "hereditariedade",
"tema": "Biologia",
"dica": "Transmissão de características genéticas de geração para geração."
},
{
"plvr": "equação química",
"tema": "Química",
"dica": "Representação simbólica de uma reação química."
},
{
"plvr": "magnetismo",
"tema": "Física",
"dica": "Força de atração ou repulsão entre objetos magnéticos."
},
{
"plvr": "ambiguidade",
"tema": "Linguagem Portuguesa",
"dica": "Situação em que uma frase pode ser interpretada de várias maneiras."
},
{
"plvr": "genótipo",
"tema": "Biologia",
"dica": "A composição genética de um organismo."
},
{
"plvr": "reação de síntese",
"tema": "Química",
"dica": "Uma reação química em que substâncias se combinam para formar um composto."
},
{
"plvr": "aceleração",
"tema": "Física",
"dica": "Taxa de variação da velocidade de um objeto."
},
{
"plvr": "hipérbole",
"tema": "Linguagem Portuguesa",
"dica": "Exagero intencional para enfatizar uma ideia."
},
{
"plvr": "classificação",
"tema": "Biologia",
"dica": "Organização de seres vivos em categorias com base em suas características."
},
{
"plvr": "reagente",
"tema": "Química",
"dica": "Substância que participa de uma reação química."
},
{
"plvr": "ecossistema",
"tema": "Biologia",
"dica": "Comunidade de organismos interagindo com seu ambiente físico."
},
{
"plvr": "cromatografia",
"tema": "Química",
"dica": "Técnica para separar componentes de uma mistura com base em suas afinidades."
},
{
"plvr": "quark",
"tema": "Física",
"dica": "Partícula subatômica que compõe os prótons e nêutrons."
},
{
"plvr": "elipse",
"tema": "Matemática",
"dica": "Uma curva plana em forma de oval."
},
{
"plvr": "interferência",
"tema": "Física",
"dica": "Fenômeno em que duas ou mais ondas se encontram e se combinam."
},
{
"plvr": "sintaxe",
"tema": "Linguística",
"dica": "O estudo da estrutura gramatical das frases e como elas se relacionam."
},
{
"plvr": "bioluminescência",
"tema": "Biologia",
"dica": "Emissão de luz por organismos vivos, como vaga-lumes e águas-vivas."
},
{
"plvr": "oxidação",
"tema": "Química",
"dica": "Processo de perda de elétrons por um átomo ou molécula."
},
{
"plvr": "relatividade",
"tema": "Física",
"dica": "Teoria de Einstein sobre espaço, tempo e gravidade."
},
{
"plvr": "sinestesia",
"tema": "Psicologia",
"dica": "Percepção misturada de sentidos diferentes, como ver cores ao ouvir sons."
},
{
"plvr": "ambiguidade",
"tema": "Linguagem",
"dica": "Situação em que algo pode ser interpretado de diferentes maneiras."
},
{
"plvr": "acidez",
"tema": "Química",
"dica": "Nível de pH menor que 7, indicando uma substância ácida."
},
{
"plvr": "gravitação",
"tema": "Física",
"dica": "Força de atração entre massas devido à gravidade."
},
{
"plvr": "protagonista",
"tema": "Literatura",
"dica": "Personagem principal de uma obra literária."
},
{
"plvr": "domínio",
"tema": "Biologia",
"dica": "Categoria taxonômica acima do reino no sistema de classificação biológica."
},
{
"plvr": "ligação covalente",
"tema": "Química",
"dica": "Tipo de ligação química onde átomos compartilham elétrons."
},
{
"plvr": "equação de Schrödinger",
"tema": "Física",
"dica": "Equação fundamental na mecânica quântica que descreve o comportamento das partículas subatômicas."
},
{
"plvr": "metáfora",
"tema": "Linguagem",
"dica": "Figura de linguagem que faz comparações implícitas entre coisas diferentes."
},
{
"plvr": "ósmose",
"tema": "Biologia",
"dica": "Movimento de solvente através de uma membrana permeável para igualar concentrações."
},
{
"plvr": "histerese",
"tema": "Física",
"dica": "Fenômeno em que um sistema não segue o mesmo caminho ao ser levado de volta ao seu estado inicial."
},
{
"plvr": "onomatopeia",
"tema": "Linguagem",
"dica": "Palavra que imita o som que representa."
},
{
"plvr": "hipótese",
"tema": "Ciência",
"dica": "Suposição inicial que pode ser testada e verificada."
},
{
"plvr": "crescimento exponencial",
"tema": "Matemática",
"dica": "Crescimento em uma taxa constante proporcional ao valor atual."
},
{
"plvr": "organismo multicelular",
"tema": "Biologia",
"dica": "Um organismo composto por várias células."
},
{
"plvr": "isótopo",
"tema": "Química",
"dica": "Átomos do mesmo elemento com diferentes números de nêutrons."
},
{
"plvr": "fóton",
"tema": "Física",
"dica": "Partícula elementar de luz."
},
{
"plvr": "metonímia",
"tema": "Linguagem",
"dica": "Figura de linguagem em que um termo é substituído por outro relacionado."
},
{
"plvr": "genética",
"tema": "Biologia",
"dica": "Estudo dos genes e hereditariedade."
},
{
"plvr": "reagentes",
"tema": "Química",
"dica": "Substâncias que participam de uma reação química."
},
{
"plvr": "partícula elementar",
"tema": "Física",
"dica": "Uma partícula indivisível que compõe a matéria."
},
{
"plvr": "língua vernácula",
"tema": "Linguística",
"dica": "A língua nativa de um grupo ou região específica."
},
{
"plvr": "mutação",
"tema": "Biologia",
"dica": "Mudança permanente na sequência de DNA de um organismo."
},
{
"plvr": "tabela periódica",
"tema": "Química",
"dica": "Tabela que organiza elementos químicos por propriedades e número atômico."
},
{
"plvr": "teoria da relatividade",
"tema": "Física",
"dica": "Teoria de Einstein que descreve a gravidade em relação ao espaço-tempo."
},
{
"plvr": "paradoxo",
"tema": "Linguagem",
"dica": "Declaração que parece contraditória, mas pode ser verdadeira em contexto."
},
{
"plvr": "seleção natural",
"tema": "Biologia",
"dica": "Processo pelo qual características vantajosas se tornam mais comuns em uma população."
},
{
"plvr": "solubilidade",
"tema": "Química",
"dica": "Quantidade máxima de uma substância que pode se dissolver em outra."
},
{
"plvr": "fusão nuclear",
"tema": "Física",
"dica": "Processo em que núcleos atômicos se combinam para liberar energia."
},
{
"plvr": "paronomásia",
"tema": "Linguagem",
"dica": "Figura de linguagem que explora semelhanças sonoras entre palavras."
},
{
"plvr": "bioquímica",
"tema": "Biologia",
"dica": "Estudo das reações químicas que ocorrem nos seres vivos."
},
{
"plvr": "cinemática",
"tema": "Física",
"dica": "Estudo do movimento de objetos sem considerar as forças envolvidas."
},
{
"plvr": "dêitico",
"tema": "Linguística",
"dica": "Palavra ou expressão que só tem significado em relação a um contexto específico."
},
{
"plvr": "genótipo",
"tema": "Genética",
"dica": "Constituição genética de um indivíduo."
},
{
"plvr": "reagente",
"tema": "Química",
"dica": "Substância que participa de uma reação química."
},
{
"plvr": "dualidade",
"tema": "Física",
"dica": "Conceito em que uma partícula pode exibir características de onda e partícula."
},
{
"plvr": "estilística",
"tema": "Linguística",
"dica": "Estudo das características estilísticas da linguagem."
},
{
"plvr": "célula eucariótica",
"tema": "Biologia",
"dica": "Tipo de célula com núcleo definido e organelos membranosos."
},
{
"plvr": "álgebra linear",
"tema": "Matemática",
"dica": "Ramo da matemática que lida com espaços vetoriais e transformações lineares."
},
{
"plvr": "correlação",
"tema": "Estatística",
"dica": "Relação estatística entre duas variáveis que podem estar interligadas."
},
{
"plvr": "proteína",
"tema": "Biologia",
"dica": "Molécula composta por aminoácidos, essencial para a vida."
},
{
"plvr": "dialética",
"tema": "Filosofia",
"dica": "Método de argumentação para chegar à verdade"
},
{
"plvr": "subconsciente",
"tema": "Psicologia",
"dica": "Parte da mente fora da consciência imediata"
},
{
"plvr": "solipsismo",
"tema": "Filosofia",
"dica": "Crença de que só a própria mente é certa"
},
{
"plvr": "inconsciente",
"tema": "Psicologia",
"dica": "Parte não acessível da mente, segundo Freud"
},
{
"plvr": "ética",
"tema": "Filosofia",
"dica": "Estudo dos valores e moralidade"
},
{
"plvr": "psicanálise",
"tema": "Psicologia",
"dica": "Método de análise da mente proposto por Freud"
},
{
"plvr": "existencialismo",
"tema": "Filosofia",
"dica": "Doutrina que enfatiza a existência individual"
},
{
"plvr": "empatia",
"tema": "Psicologia",
"dica": "Capacidade de se colocar no lugar do outro"
},
{
"plvr": "absurdo",
"tema": "Filosofia",
"dica": "Situação que parece sem sentido ou irracional"
},
{
"plvr": "introspecção",
"tema": "Psicologia",
"dica": "Análise dos próprios pensamentos e sentimentos"
},
{
"plvr": "sofismo",
"tema": "Filosofia",
"dica": "Argumento falso que parece verdadeiro"
},
{
"plvr": "condicionamento",
"tema": "Psicologia",
"dica": "Aprendizado associativo de respostas"
},
{
"plvr": "epistemologia",
"tema": "Filosofia",
"dica": "Estudo do conhecimento e suas origens"
},
{
"plvr": "personalidade",
"tema": "Psicologia",
"dica": "Padrões de pensamentos, emoções e comportamentos"
},
{
"plvr": "nihilismo",
"tema": "Filosofia",
"dica": "Crença na falta de significado ou valor na vida"
},
{
"plvr": "cognição",
"tema": "Psicologia",
"dica": "Processo de adquirir conhecimento"
},
{
"plvr": "utilitarismo",
"tema": "Filosofia",
"dica": "Doutrina que valoriza a busca pela felicidade"
},
{
"plvr": "terapia",
"tema": "Psicologia",
"dica": "Tratamento para distúrbios mentais"
},
{
"plvr": "racionalismo",
"tema": "Filosofia",
"dica": "Crença na razão como fonte primária de conhecimento"
},
{
"plvr": "psicossomático",
"tema": "Psicologia",
"dica": "Relativo à influência da mente no corpo"
},
{
"plvr": "fenomenologia",
"tema": "Filosofia",
"dica": "Estudo da experiência consciente direta"
},
{
"plvr": "psicopatologia",
"tema": "Psicologia",
"dica": "Estudo dos transtornos mentais"
},
{
"plvr": "hedonismo",
"tema": "Filosofia",
"dica": "Busca pelo prazer e felicidade"
},
{
"plvr": "neurociência",
"tema": "Psicologia",
"dica": "Estudo do sistema nervoso e do cérebro"
},
{
"plvr": "sofrimento",
"tema": "Filosofia",
"dica": "Experiência que gera angústia"
},
{
"plvr": "inconsciente",
"tema": "Psicologia",
"dica": "Parte oculta da mente segundo Jung"
},
{
"plvr": "ética",
"tema": "Filosofia",
"dica": "Estudo dos princípios morais"
},
{
"plvr": "psicoterapia",
"tema": "Psicologia",
"dica": "Tratamento para problemas emocionais"
},
{
"plvr": "nihilismo",
"tema": "Filosofia",
"dica": "Rejeição de valores e crenças"
},
{
"plvr": "psicologia",
"tema": "Psicologia",
"dica": "Estudo da mente e do comportamento"
},
{
"plvr": "epifania",
"tema": "Filosofia",
"dica": "Revelação súbita de conhecimento"
},
{
"plvr": "identidade",
"tema": "Psicologia",
"dica": "Senso de quem somos"
},
{
"plvr": "absolutismo",
"tema": "Filosofia",
"dica": "Crença em autoridade absoluta"
},
{
"plvr": "psicodinâmica",
"tema": "Psicologia",
"dica": "Abordagem que explora o inconsciente"
},
{
"plvr": "cosmologia",
"tema": "Filosofia",
"dica": "Estudo da origem e estrutura do universo"
},
{
"plvr": "resiliência",
"tema": "Psicologia",
"dica": "Capacidade de superar adversidades"
},
{
"plvr": "empirismo",
"tema": "Filosofia",
"dica": "Conhecimento baseado em experiência"
},
{
"plvr": "psicopatia",
"tema": "Psicologia",
"dica": "Transtorno de personalidade antissocial"
},
{
"plvr": "existência",
"tema": "Filosofia",
"dica": "Estado de estar no mundo"
},
{
"plvr": "neuroplasticidade",
"tema": "Psicologia",
"dica": "Capacidade do cérebro de se reorganizar"
},
{
"plvr": "ética",
"tema": "Filosofia",
"dica": "Estudo dos valores e conduta moral"
},
{
"plvr": "inteligência",
"tema": "Psicologia",
"dica": "Capacidade de aprender e raciocinar"
},
{
"plvr": "sofisma",
"tema": "Filosofia",
"dica": "Argumento enganoso que parece verdadeiro"
},
{
"plvr": "autoestima",
"tema": "Psicologia",
"dica": "Valorização de si mesmo"
},
{
"plvr": "epistemologia",
"tema": "Filosofia",
"dica": "Estudo da natureza do conhecimento"
},
{
"plvr": "psicossocial",
"tema": "Psicologia",
"dica": "Relativo à interação entre mente e sociedade"
},
{
"plvr": "metafísica",
"tema": "Filosofia",
"dica": "Estudo da natureza da realidade"
},
{
"plvr": "psicoterapeuta",
"tema": "Psicologia",
"dica": "Profissional que oferece terapia"
},
{
"plvr": "hedonismo",
"tema": "Filosofia",
"dica": "Busca pelo prazer como objetivo"
},
{
"plvr": "introspecção",
"tema": "Psicologia",
"dica": "Análise dos próprios pensamentos"
},
{
"plvr": "altruísmo",
"tema": "Filosofia",
"dica": "Comportamento voltado para o bem dos outros"
},
{
"plvr": "psicologia",
"tema": "Psicologia",
"dica": "Estudo do comportamento e processos mentais"
},
{
"plvr": "inovação",
"tema": "Empreendedorismo",
"dica": "Introdução de algo novo no mercado"
},
{
"plvr": "aprendizado",
"tema": "Educação",
"dica": "Processo de adquirir conhecimento"
},
{
"plvr": "ginástica",
"tema": "Educação Física",
"dica": "Atividade que trabalha o condicionamento físico"
},
{
"plvr": "homeostase",
"tema": "Fisiologia",
"dica": "Equilíbrio interno do corpo"
},
{
"plvr": "autoconsciência",
"tema": "Consciência",
"dica": "Conhecimento sobre si mesmo"
},
{
"plvr": "sonho",
"tema": "Subconsciente",
"dica": "Experiência mental durante o sono"
},
{
"plvr": "CEO",
"tema": "Cargos",
"dica": "Sigla de um alto cargo executivo"
},
{
"plvr": "cabeça",
"tema": "Curiosidades",
"dica": "Parte do corpo onde fica o cérebro"
},
{
"plvr": "empreendedor",
"tema": "Empreendedorismo",
"dica": "Pessoa que cria e gerencia negócios"
},
{
"plvr": "professor",
"tema": "Educação",
"dica": "Indivíduo que ensina e orienta"
},
{
"plvr": "corrida",
"tema": "Educação Física",
"dica": "Atividade aeróbica de alta intensidade"
},
{
"plvr": "anatomia",
"tema": "Fisiologia",
"dica": "Estudo das estruturas do corpo"
},
{
"plvr": "consciência",
"tema": "Consciência",
"dica": "Estado de estar ciente e alerta"
},
{
"plvr": "hipnose",
"tema": "Subconsciente",
"dica": "Estado de transe induzido"
},
{
"plvr": "gerente",
"tema": "Cargos",
"dica": "Responsável pela gestão de equipe"
},
{
"plvr": "curiosidade",
"tema": "Curiosidades",
"dica": "Desejo de aprender e explorar o desconhecido"
},
{
"plvr": "startups",
"tema": "Empreendedorismo",
"dica": "Empresas emergentes e inovadoras"
},
{
"plvr": "educação",
"tema": "Educação",
"dica": "Processo de instrução e aprendizado"
},
{
"plvr": "alongamento",
"tema": "Educação Física",
"dica": "Exercício para aumentar flexibilidade"
},
{
"plvr": "respiração",
"tema": "Fisiologia",
"dica": "Processo de obtenção de oxigênio"
},
{
"plvr": "mente",
"tema": "Consciência",
"dica": "Sede dos processos mentais"
},
{
"plvr": "freud",
"tema": "Subconsciente",
"dica": "Psicanalista famoso por suas teorias"
},
{
"plvr": "presidente",
"tema": "Cargos",
"dica": "Chefe de Estado ou organização"
},
{
"plvr": "fatos",
"tema": "Curiosidades",
"dica": "Informações verdadeiras sobre algo"
},
{
"plvr": "inovação",
"tema": "Empreendedorismo",
"dica": "Mudança que cria valor"
},
{
"plvr": "ensino",
"tema": "Educação",
"dica": "Processo de transmitir conhecimento"
},
{
"plvr": "aquecimento",
"tema": "Educação Física",
"dica": "Atividade preparatória para o exercício"
},
{
"plvr": "sistema circulatório",
"tema": "Fisiologia",
"dica": "Transporta sangue pelo corpo"
},
{
"plvr": "percepção",
"tema": "Consciência",
"dica": "Interpretação dos sentidos"
},
{
"plvr": "psicoterapia",
"tema": "Subconsciente",
"dica": "Tratamento da mente para distúrbios"
},
{
"plvr": "gerente de projetos",
"tema": "Cargos",
"dica": "Supervisiona execução de projetos"
},
{
"plvr": "curiosidades",
"tema": "Curiosidades",
"dica": "Fatos interessantes e incomuns"
},
{
"plvr": "empreendedorismo",
"tema": "Empreendedorismo",
"dica": "Atividade de criação de negócios"
},
{
"plvr": "aprendizagem",
"tema": "Educação",
"dica": "Processo de adquirir habilidades"
},
{
"plvr": "musculação",
"tema": "Educação Física",
"dica": "Treino para fortalecer os músculos"
},
{
"plvr": "digestão",
"tema": "Fisiologia",
"dica": "Processo de quebra de alimentos"
},
{
"plvr": "mente",
"tema": "Consciência",
"dica": "Centro de pensamentos e emoções"
},
{
"plvr": "subconsciente",
"tema": "Subconsciente",
"dica": "Parte da mente fora da consciência"
},
{
"plvr": "CEO",
"tema": "Cargos",
"dica": "Líder máximo de uma empresa"
},
{
"plvr": "curiosidade",
"tema": "Curiosidades",
"dica": "Desejo de descobrir novidades"
},
{
"plvr": "startups",
"tema": "Empreendedorismo",
"dica": "Pequenas empresas inovadoras"
},
{
"plvr": "ensino",
"tema": "Educação",
"dica": "Transmissão de conhecimento"
},
{
"plvr": "resistência",
"tema": "Educação Física",
"dica": "Capacidade de suportar esforço"
},
{
"plvr": "homeostase",
"tema": "Fisiologia",
"dica": "Equilíbrio interno do corpo"
},
{
"plvr": "autoconsciência",
"tema": "Consciência",
"dica": "Conhecimento sobre si mesmo"
},
{
"plvr": "hipnose",
"tema": "Subconsciente",
"dica": "Estado de transe induzido"
},
{
"plvr": "diretor",
"tema": "Cargos",
"dica": "Responsável por uma organização"
},
{
"plvr": "curiosidades",
"tema": "Curiosidades",
"dica": "Fatos interessantes e incomuns"
},
{
"plvr": "educação",
"tema": "Educação",
"dica": "Processo de instrução e aprendizado"
}
]