{
  "fundo_bemvindo": "https://xatimg.com/image/hgpecsf54VFE.jpg",
  "noProfilePicture": "https://telegra.ph/file/b5427ea4b8701bc47e751.jpg",
  "imghetero": "https://files.catbox.moe/8c9j0q.jpg",
  "fundo_saiu": "https://xatimg.com/image/hgpecsf54VFE.jpg",
  "imglouca": "https://telegra.ph/file/02e1367f48384acb8ef80.mp4",
  "imgcomer": "https://telegra.ph/file/100bd693799b79f870592.mp4",
  "imglesbica": "https://files.catbox.moe/ixo5st.jpg",
  "imgcarinho": "https://telegra.ph/file/b47d4dfd7844b65795567.mp4",
  "imgchute": "https://telegra.ph/file/d4b2525d2e1aeb33fa626.mp4",
  "imgEnigma": "https://telegra.ph/file/15be608763684b3e3af38.jpg",
  "imglistavip": "https://telegra.ph/file/6b66310f9a56bb2e39c7c.jpg",
  "imgstatus": "https://telegra.ph/file/707293a3ecf36395aa39f.jpg",
  "imgrankcasal": "https://telegra.ph/file/30fc549728088dd57ffee.jpg",
  "imgnazista": "https://telegra.ph/file/3c1baa38325430e0ded09.jpg",
  "imgabraco": "https://telegra.ph/file/2845dbcddaf5885b17c5f.mp4",
  "imgcasamento": "https://telegra.ph/file/0ce549464ba5bdb2955e1.jpg",
  "imggay": "https://telegra.ph/file/1dd72108fd06d0ca2ad0b.jpg",
  "imgcorno": "https://telegra.ph/file/114e8e56bd29feafce282.jpg",
  "imgputa": "https://telegra.ph/file/cb4d5c43fd4ccd34b843d.jpg",
  "imgostosa": "https://telegra.ph/file/ee79deee2ce1258ca8dd1.jpg",
  "imgostoso": "https://telegra.ph/file/866e9986c89e8abf00a17.jpg",
  "imglindo": "https://telegra.ph/file/e2b9bde62d6bf27db48dd.jpg",
  "imglinda": "https://telegra.ph/file/01b0cda28ffab64cce7d5.jpg",
  "imgfeio": "https://telegra.ph/file/561bce8f7de062ac21696.jpg",
  "imgado": "https://telegra.ph/file/6afd5c05fd99ec989ce4f.jpg",
  "imgvesgo": "https://telegra.ph/file/27c9cc34e7192acdca419.jpg",
  "rnkgay": "https://telegra.ph/file/c478d248692d8c92ab94c.jpg",
  "rnkgado": "https://telegra.ph/file/c28abd2759de471a8364e.jpg",
  "rnkcorno": "https://telegra.ph/file/7b5c9722558e9f3924923.jpg",
  "rnkgostoso": "https://telegra.ph/file/58c118e4e5127b144c1cc.jpg",
  "rnkgostosa": "https://telegra.ph/file/34d765e9d54de92b75f30.jpg",
  "rnknazista": "https://telegra.ph/file/1d5bfe8f8699a0b7ff4dd.jpg",
  "rnkotaku": "https://telegra.ph/file/796eed26a8f761970d9f5.jpg",
  "rnkpau": "https://telegra.ph/file/ee6aed00378a0d1b88dda.jpg",
  "imgbebado": "https://telegra.ph/file/ba18ed00abb615886eb3d.jpg",
  "imgtapa": "https://telegra.ph/file/841664f31eb7539c35a2d.mp4",
  "imgmatar": "https://telegra.ph/file/b69c56c5687eedcdb905e.mp4",
  "imgminerar": "https://telegra.ph/file/82bdf15f754b9570d07bb.jpg",
  "imgbeijo": "https://telegra.ph/file/2ddd6a0847a89555b8967.mp4"
}
