{
	"verificado": false,
	"autoread": false,
	"antipv1": false,
	"antipv2": false,
	"antipv3": false,
	"Desligar_Bot": false,
	"DeleteMessages": true,
	"Aluguel_Global": false,
	"anticall": false,
	"console_off": true,
	"listanegra_global": [],
	"blockcmd_global": [],
	"dono1": "...",
	"dono2": "...",
	"dono3": "...",
	"dono4": "...",
	"dono5": "...",
	"dono6": "...",
	"comandos_premium": [
		"gpt",
		"waifu",
		"attp2",
	    "destrava",
        "destrava2",
		"getperfil",
		"getbio",
		"encurtalink",
		"cep",
		"ip",
		"ddd",
		"gerarcpf",
		"instauser",
		"totext",
		"figanime",
		"figmeme",
		"figcoreana",
		"figraiva",
		"figdesenho",
		"figroblox",
		"figengracada",
		"anime",
		"meme",
	    "figu",
		"coreana",
		"raiva",
		"desenho",
		"roblox",
		"engracada"
	],
	"LimitCommand": "*❗Espere #tempo# segundos até executar o próximo comando, timestamp:*\n\n • #tempocmd# ⏱️",
	"msganticall": "Você não tem permissão de me ligar",
    "msgantipv2": "*No momento não estou disponível para privados 🙇‍♀️*",
	"msgantipv": "*Meu privado está indisponível para intrusos. 😡*"
}