[
    {
        "palavra": "gato",
        "tema": "animal",
        "dica": "ele tem 4 patas, e o rugido dele começa com m 😉"
    },
    {
        "palavra": "cachorro",
        "tema": "animal",
        "dica": "ele tem 4 patas, e é considerado o melhor um amigo fiel"
    },
    {
        "palavra": "brasil",
        "tema": "países",
        "dica": "já perdeu de 7x1 na copa"
    },
    {
        "palavra": "eletrônica",
        "tema": "gênero musical",
        "dica": "tem dj"
    },
    {
        "palavra": "basquete",
        "tema": "Esporte",
        "dica": "a maioria que pratica usa jordan"
    },
    {
        "palavra": "repórter",
        "tema": "profissão",
        "dica": "costuma passar na televisão"
    },
    {
        "palavra": "esfirra",
        "tema": "comida",
        "dica": "costuma ser vendido em pizzaria "
    },
    {
        "palavra": "girafa",
        "tema": "animal",
        "dica": "existe um restaurante com seu símbolo"
    },
    {
        "palavra": "covid-19",
        "tema": "doenças",
        "dica": "foi obrigatório usar máscaras durante a pandemia"
    },
    {
        "palavra": "pneumonia",
        "tema": "doenças",
        "dica": "um tipo de inflamação que afeta os pulmões"
    },
    {
        "palavra": "vingadores",
        "tema": "cinema",
        "dica": "um filme da companhia marvel"
    },
    {
        "palavra": "pirulito",
        "tema": "doces",
        "dica": "é de chupar 😳 "
    },
    {
        "palavra": "dragão",
        "tema": "lendas e mitologia",
        "dica": "são jorge é retratado derrotando um"
    },
    {
        "palavra": "flores",
        "tema": "natureza",
        "dica": "as pessoas costumam levar em velórios"
    },
    {
        "palavra": "flamingo",
        "tema": "animal",
        "dica": "é uma ave de bico encurvado,e cuja plumagem pode ser bastante colorida em tons de rosa vivo."
    },
    {
        "palavra": "guilhotina",
        "tema": "instrumento",
        "dica": "foi um instrumento utilizado durante a revolução francesa para aplicar a pena de morte por decapitação."
    },
    {
        "palavra": "jabuticaba",
        "tema": "frutas",
        "dica": "é uma fruta de cor escura"
    },
    {
        "palavra": "kratos",
        "tema": "personagem de um Jogo",
        "dica": "personagem principal de um jogo baseado em distintas mitologias "
    },
    {
        "palavra": "laranja",
        "tema": "fruta",
        "dica": "pode ser uma cor também"
    },
    {
        "palavra": "pinça",
        "tema": "utensílio",
        "dica": "utilizado para pegar objetos sem que a mão lhes toque diretamente"
    },
    {
        "palavra": "tucano",
        "tema": "animal",
        "dica": "uma ave que tem um grande bico"
    },
    {
        "palavra": "xícara",
        "tema": "utensílios",
        "dica": "bom para tomar um chá"
    },
    {
        "palavra": "amarelo",
        "tema": "Cores",
        "dica": "tem no arco íris"
    },
    {
        "palavra": "viajar",
        "tema": "entretenimento",
        "dica": "algo que fazemos ou temos vontade de fazer de acordo com a situação ou condição"
    },
    {
        "palavra": "ônibus",
        "tema": "transporte",
        "dica": "é ultilizado para chegar em algum local"
    },
    {
        "palavra": "lápis",
        "tema": "ultilidade publica",
        "dica": "tem na escola"
    },
    {
        "palavra": "relógio",
        "tema": "ultidade publica",
        "dica": "tem no celular"
    },
    {
        "palavra": "praia",
        "tema": "lugares",
        "dica": "tem muita areia"
    },
    {
        "palavra": "cozinha",
        "tema": "compartimento de uma residência",
        "dica": "o lugar que tu vai quando está com fome"
    },
    {
        "palavra": "chocolate",
        "tema": "doces",
        "dica": "é ótimo para acalmar mulher com tpm 😂"
    },
    {
        "palavra": "limão",
        "tema": "frutas",
        "dica": "é azeda"
    },
    {
        "palavra": "mãe",
        "tema": "familia",
        "dica": "tem um dia dedicado em sua homenagem no mês de maio "
    },
    {
        "palavra": "dormir",
        "tema": "dia a dia",
        "dica": "algo que todo mundo faz mesmo que seja um pouco"
    },
    {
        "palavra": "avião",
        "tema": "modo de transporte",
        "dica": "é algo que voa"
    },
    {
        "palavra": "pão",
        "tema": "alimentos",
        "dica": "é algo que geralmente comemos no café da manhã"
    },
    {
        "palavra": "formiga",
        "tema": "insetos",
        "dica": "é um inseto que não tem pulmões"
    },
    {
        "palavra": "bolo",
        "tema": "confeitaria",
        "dica": "costuma a ser servido em aniversários"
    },
    {
        "palavra": "adolescência",
        "tema": "fases da vida",
        "dica": "é algo que começa aos 10 anos e termina aos 19 anos completos"
    },
    {
        "palavra": "russia",
        "tema": "pais",
        "dica": "pais com o maior território do mundo"
    },
    {
        "palavra": "falcão",
        "tema": "natureza",
        "dica": "tem um cantor brasileiro conhecido com o mesmo nome"
    },
    {
        "palavra": "azul",
        "tema": "cores",
        "dica": "tem em uma musica do manoel gomes"
    },
    {
        "palavra": "vulcão",
        "tema": "montanhas",
        "dica": "existem aproximadamente 1.500 ativos em todo planeta terra"
    },
    {
        "palavra": "sul",
        "tema": "geografia",
        "dica": "direção oposta ao norte"
    },
    {
        "palavra": "megamente",
        "tema": "filmes",
        "dica": "é personagem de um filme e tem uma cabeça enorme"
    },
    {
        "palavra": "chuchu",
        "tema": "alimento",
        "dica": "é uma verdura e dua cor é verde"
    },
    {
        "palavra": "vermelho",
        "tema": "cores",
        "dica": "tem a mesma cor que tem o sangue"
    },
    {
        "palavra": "carinho",
        "tema": "gestos",
        "dica": "algo que muitos fazem principalmente com os animais"
    },
    {
        "palavra": "titanic",
        "tema": "filmes",
        "dica": "afundou"
    },
    {
        "palavra": "borboleta",
        "tema": "natureza",
        "dica": "é um inseto polinizador"
    },
    {
        "palavra": "amazônia",
        "tema": "lugares",
        "dica": "a maior floresta tropical do mundo "
    },
    {
        "palavra": "sherek",
        "tema": "filme",
        "dica": "nesse filme tem um burro falante"
    },
    {
        "palavra": "banheiro",
        "tema": "compartimento de uma residência",
        "dica": "lugar que você vai bastante quando toma aquela cervejinha 😂🍻"
    },
    {
        "palavra": "bahia",
        "tema": "lugares",
        "dica": "é um estado brasileiro e uma de suas cidades se chama salvador"
    },
    {
        "palavra": "salvador",
        "tema": "lugares",
        "dica": "umadas 10 maiores cidades da bahia"
    },
    {
        "palavra": "manga",
        "tema": "frutas",
        "dica": "uma fruta que como mito se dizia que se tomar com leite morre 🙃"
    },
    {
        "palavra": "sophia",
        "tema": "nome de pessoa",
        "dica": "nome feminino"
    },
    {
        "palavra": "barbie",
        "tema": "brinquedos",
        "dica": "faz parte de filmes infantis"
    },
    {
        "palavra": "redbull",
        "tema": "bebidas",
        "dica": "é uma marca de um energético"
    },
    {
        "palavra": "goiabada",
        "tema": "doces",
        "dica": "um doce típico de portugal que veio através de uma fruta"
    },
    {
        "palavra": "tomada",
        "tema": "dispositivos",
        "dica": "onde você coloca seu carregador do celular "
    },
    {
        "palavra": "amora",
        "tema": "frutas",
        "dica": "mancha os dedos e até mesmo a roupa ao pegar da arvore"
    },
    {
        "palavra": "acerola",
        "tema": "frutas",
        "dica": "quando está madura tem uma variação de cor que vai do vermelho ao vinho, passando pelo alaranjado"
    },
    {
        "palavra": "strogonoff",
        "tema": "comidas",
        "dica": "um prato que era servido para a nobreza russa"
    },
    {
        "palavra": "macarrão",
        "tema": "comidas",
        "dica": "é um tipo de massa alimentícia"
    },
    {
        "palavra": "natal",
        "tema": "lugares",
        "dica": "tem o mesmo nome de um feriado do mês de dezembro"
    },
    {
        "palavra": "vaticano",
        "tema": "paises",
        "dica": "menor pais no mundo"
    },
    {
        "palavra": "primavera",
        "tema": "estação do ano",
        "dica": "vem depois de inverno"
    },
    {
        "palavra": "handebol",
        "tema": "esporte",
        "dica": "envolve as mãos"
    },
    {
        "palavra": "outono",
        "tema": "estação do ano",
        "dica": "vem depois do verão"
    },
    {
        "palavra": "twitter",
        "tema": "rede sociais",
        "dica": "elon musk comprou"
    },
    {
        "palavra": "whisky",
        "tema": "bebida alcoólica",
        "dica": "algumas pessoas mistura com energético"
    },
    {
        "palavra": "cartas",
        "tema": "jogo",
        "dica": "tem no baralho"
    },
    {
        "palavra": "batedeira",
        "tema": "eletro-domestico",
        "dica": "é usado para bater massas"
    },
    {
        "palavra": "lan house",
        "tema": "lugar",
        "dica": "provavelmente você ja foi nesse lugar tirar xerox ou jogar"
    },
    {
        "palavra": "pastel",
        "tema": "alimentos",
        "dica": "bom de comer na feira"
    },
    {
        "palavra": "carro",
        "tema": "automóveis",
        "dica": "tem 4 rodas"
    },
    {
        "palavra": "cavalo",
        "tema": "animais",
        "dica": "tem 4 patas e pode te levar para passear montado nele"
    },
    {
        "palavra": "uva",
        "tema": "frutas",
        "dica": "tem roxa e tem verde"
    },
    {
        "palavra": "sucrilhos",
        "tema": "alimentos",
        "dica": "alguns tem um tigre na embalagem e é bom para acompanhar com leite ou danone"
    },
    {
        "palavra": "cemitério",
        "tema": "lugar",
        "dica": "onde a maioria vai quando perde alguem próximo a ela"
    },
    {
        "palavra": "professor",
        "tema": "profissão",
        "dica": "ja te deu aula"
    },
    {
        "palavra": "boné",
        "tema": "acessório de uso pessoal",
        "dica": "serve para proreger o rosto do sol"
    },
    {
        "palavra": "nestlé",
        "tema": "doces",
        "dica": "marca de chocolate"
    },
    {
        "palavra": "idolomantis diabólica",
        "tema": "inseto",
        "dica": "é uma das maiores espécies de louva-a-deus que existe"
    },
    {
        "palavra": "xadrez",
        "tema": "jogo",
        "dica": "jogo de tabuleiro de estratégia para 2 jogadores "
    },
    {
        "palavra": "balaústre",
        "tema": "construção",
        "dica": "é uma peça ornamental usada na arquitetura que consiste em uma pequena coluna ou pilar"
    },
    {
        "palavra": "ampulheta",
        "tema": "objeto",
        "dica": "é um artefato antigo que costumava a ser usado para medir o tempo"
    },
    {
        "palavra": "daguerreótipo",
        "tema": "objeto",
        "dica": "nome dado ao antigo aparelho fotográfico inventado por Daguerre 1787-1851"
    },
    {
        "palavra": "orycteropus",
        "tema": "animal",
        "dica": "conhecido como o porco-formigueiro ou da-terra"
    },
    {
        "palavra": "elefante",
        "tema": "animal",
        "dica": "tem uma tromba longa"
    },
    {
        "palavra": "banana",
        "tema": "frutas",
        "dica": "amarela por fora"
    },
    {
        "palavra": "aviador",
        "tema": "profissão",
        "dica": "piloto de avião"
    },
    {
        "palavra": "chaveiro",
        "tema": "objeto",
        "dica": "guarda chaves"
    },
    {
        "palavra": "guitarra",
        "tema": "instrumento musical",
        "dica": "possui cordas"
    },
    {
        "palavra": "montanha",
        "tema": "geografia",
        "dica": "pode ser escalada"
    },
    {
        "palavra": "rosa",
        "tema": "flores",
        "dica": "tem espinhos"
    },
    {
        "palavra": "futebol",
        "tema": "esporte",
        "dica": "jogado com os pés"
    },
    {
        "palavra": "computador",
        "tema": "tecnologia",
        "dica": "usado para trabalhar e se divertir"
    },
    {
        "palavra": "óculos",
        "tema": "acessório",
        "dica": "usado para melhorar a visão"
    },
    {
        "palavra": "aranha",
        "tema": "animal",
        "dica": "tece teias"
    },
    {
        "palavra": "pizza",
        "tema": "comida",
        "dica": "massa com recheio variado"
    },
    {
        "palavra": "teclado",
        "tema": "tecnologia",
        "dica": "usado para digitar"
    },
    {
        "palavra": "rio",
        "tema": "geografia",
        "dica": "fluxo de água natural"
    },
    {
        "palavra": "girassol",
        "tema": "flores",
        "dica": "segue o sol"
    },
    {
        "palavra": "nadador",
        "tema": "profissão",
        "dica": "nada profissionalmente"
    },
    {
        "palavra": "bateria",
        "tema": "instrumento musical",
        "dica": "produz som com batidas"
    },
    {
        "palavra": "deserto",
        "tema": "geografia",
        "dica": "área árida e seca"
    },
    {
        "palavra": "astrônomo",
        "tema": "profissão",
        "dica": "estuda o espaço"
    },
    {
        "palavra": "chocolate",
        "tema": "comida",
        "dica": "Derivado do cacau, com sabor doce e textura cremosa😳😈"
    },
    {
        "palavra": "óleo",
        "tema": "produto",
        "dica": "usado na culinária e em motores"
    },
    {
        "palavra": "pintor",
        "tema": "profissão",
        "dica": "cria arte visual"
    },
    {
        "palavra": "espada",
        "tema": "objeto",
        "dica": "arma de lâmina longa"
    },
    {
        "palavra": "violino",
        "tema": "instrumento musical",
        "dica": "tocado com arco"
    },
    {
        "palavra": "oceano",
        "tema": "geografia",
        "dica": "grande corpo de água"
    },
    {
        "palavra": "abelha",
        "tema": "animal",
        "dica": "produz mel"
    },
    {
        "palavra": "escritor",
        "tema": "profissão",
        "dica": "cria histórias e livros"
    },
    {
        "palavra": "bicicleta",
        "tema": "meio de transporte",
        "dica": "movida a pedaladas"
    },
    {
        "palavra": "espelho",
        "tema": "objeto",
        "dica": "reflete a imagem"
    },
    {
        "palavra": "estrela",
        "tema": "astronomia",
        "dica": "brilha no céu noturno"
    },
    {
        "palavra": "anjo",
        "tema": "seres mitológicos",
        "dica": "guardião celestial"
    },
    {
        "palavra": "piano",
        "tema": "instrumento musical",
        "dica": "possui teclas"
    },
    {
        "palavra": "jardineiro",
        "tema": "profissão",
        "dica": "cuida de plantas e jardins"
    },
    {
        "palavra": "trem",
        "tema": "meio de transporte",
        "dica": "circula sobre trilhos"
    },
    {
        "palavra": "abacaxi",
        "tema": "frutas",
        "dica": "tem casca áspera"
    },
    {
        "palavra": "engenheiro",
        "tema": "profissão",
        "dica": "projeta e constrói"
    },
    {
        "palavra": "lápis",
        "tema": "objeto",
        "dica": "usado para escrever e desenhar"
    },
    {
        "palavra": "lago",
        "tema": "geografia",
        "dica": "pequena extensão de água"
    },
    {
        "palavra": "papagaio",
        "tema": "animal",
        "dica": "imita sons"
    },
    {
        "palavra": "médico",
        "tema": "profissão",
        "dica": "cuida da saúde"
    },
    {
        "palavra": "telefone",
        "tema": "tecnologia",
        "dica": "usado para comunicação"
    },
    {
        "palavra": "caverna",
        "tema": "geografia",
        "dica": "cavidade natural"
    },
    {
        "palavra": "hamburguer",
        "tema": "comida",
        "dica": "sanduíche de carne"
    },
    {
        "palavra": "pintura",
        "tema": "arte",
        "dica": "expressão visual"
    },
    {
        "palavra": "costureira",
        "tema": "profissão",
        "dica": "confecciona roupas"
    },
    {
        "palavra": "barco",
        "tema": "meio de transporte",
        "dica": "navega na água"
    },
    {
        "palavra": "melancia",
        "tema": "frutas",
        "dica": "fruta suculenta"
    },
    {
        "palavra": "piloto",
        "tema": "profissão",
        "dica": "controla veículos"
    },
    {
        "palavra": "fotografia",
        "tema": "arte",
        "dica": "captura imagens"
    },
    {
        "palavra": "fotossíntese",
        "tema": "Biologia",
        "dica": "Processo em que as plantas convertem luz solar em energia."
    },
    {
        "palavra": "álcali",
        "tema": "Química",
        "dica": "Substância química básica, com pH maior que 7."
    },
    {
        "palavra": "quantum",
        "tema": "Física",
        "dica": "A menor quantidade de energia possível."
    },
    {
        "palavra": "onomatopeia",
        "tema": "Linguagem Portuguesa",
        "dica": "Figura de linguagem que imita sons da natureza ou ações."
    },
    {
        "palavra": "mutação",
        "tema": "Biologia",
        "dica": "Mudança na sequência de DNA de um organismo."
    },
    {
        "palavra": "oxidação",
        "tema": "Química",
        "dica": "Reação química onde um composto perde elétrons."
    },
    {
        "palavra": "relatividade",
        "tema": "Física",
        "dica": "Teoria de Einstein que descreve as relações entre espaço, tempo e gravidade."
    },
    {
        "palavra": "metáfora",
        "tema": "Linguagem Portuguesa",
        "dica": "Figura de linguagem que faz comparações implícitas."
    },
    {
        "palavra": "mitocôndria",
        "tema": "Biologia",
        "dica": "Organelo celular responsável pela produção de energia."
    },
    {
        "palavra": "catalisador",
        "tema": "Química",
        "dica": "Substância que acelera uma reação química sem ser consumida."
    },
    {
        "palavra": "gravidade",
        "tema": "Física",
        "dica": "Força de atração entre objetos com massa."
    },
    {
        "palavra": "gramática",
        "tema": "Linguagem Portuguesa",
        "dica": "Conjunto de regras que regem a estrutura das frases em um idioma."
    },
    {
        "palavra": "plasma",
        "tema": "Física",
        "dica": "Um estado da matéria composto por partículas carregadas."
    },
    {
        "palavra": "enzima",
        "tema": "Biologia",
        "dica": "Proteínas que atuam como catalisadores em reações químicas."
    },
    {
        "palavra": "polimerização",
        "tema": "Química",
        "dica": "Processo de formação de polímeros a partir de unidades menores."
    },
    {
        "palavra": "sintaxe",
        "tema": "Linguagem Portuguesa",
        "dica": "O estudo das regras que governam a estrutura das frases em um idioma."
    },
    {
        "palavra": "bioluminescência",
        "tema": "Biologia",
        "dica": "Emissão de luz por organismos vivos, como vaga-lumes e alguns peixes."
    },
    {
        "palavra": "átomo",
        "tema": "Química",
        "dica": "A menor unidade de um elemento químico, composta por prótons, nêutrons e elétrons."
    },
    {
        "palavra": "eletricidade",
        "tema": "Física",
        "dica": "Forma de energia resultante do movimento de elétrons."
    },
    {
        "palavra": "metonímia",
        "tema": "Linguagem Portuguesa",
        "dica": "Figura de linguagem que substitui um termo por outro com o qual tem uma relação próxima."
    },
    {
        "palavra": "genética",
        "tema": "Biologia",
        "dica": "O estudo dos genes e da hereditariedade."
    },
    {
        "palavra": "isótopo",
        "tema": "Química",
        "dica": "Átomos do mesmo elemento químico com diferentes números de nêutrons."
    },
    {
        "palavra": "mecânica quântica",
        "tema": "Física",
        "dica": "Teoria que descreve o comportamento de partículas subatômicas."
    },
    {
        "palavra": "símile",
        "tema": "Linguagem Portuguesa",
        "dica": "Figura de linguagem que faz comparações usando *como* ou *parece*."
    },
    {
        "palavra": "célula",
        "tema": "Biologia",
        "dica": "A unidade fundamental da vida, a menor parte de um organismo."
    },
    {
        "palavra": "ácido nucleico",
        "tema": "Química",
        "dica": "Moléculas como DNA e RNA, que carregam informações genéticas."
    },
    {
        "palavra": "mecânica clássica",
        "tema": "Física",
        "dica": "Teoria que descreve o movimento de objetos macroscópicos."
    },
    {
        "palavra": "elipse",
        "tema": "Linguagem Portuguesa",
        "dica": "Figura de linguagem que omite um termo facilmente entendido no contexto."
    },
    {
        "palavra": "evolução",
        "tema": "Biologia",
        "dica": "O processo pelo qual as espécies mudam ao longo do tempo."
    },
    {
        "palavra": "reação química",
        "tema": "Química",
        "dica": "Processo no qual substâncias são transformadas em outras."
    },
    {
        "palavra": "óptica",
        "tema": "Física",
        "dica": "O estudo da luz e como ela interage com objetos."
    },
    {
        "palavra": "paradoxo",
        "tema": "Linguagem Portuguesa",
        "dica": "Uma afirmação que parece contraditória, mas pode ser verdadeira."
    },
    {
        "palavra": "adaptabilidade",
        "tema": "Biologia",
        "dica": "A capacidade de um organismo se ajustar às mudanças em seu ambiente."
    },
    {
        "palavra": "tabela periódica",
        "tema": "Química",
        "dica": "Tabela que organiza os elementos químicos por suas propriedades."
    },
    {
        "palavra": "energia",
        "tema": "Física",
        "dica": "A capacidade de realizar trabalho ou causar mudanças."
    },
    {
        "palavra": "pleonasmo",
        "tema": "Linguagem Portuguesa",
        "dica": "Uso redundante de palavras, muitas vezes por ênfase."
    },
    {
        "palavra": "genoma",
        "tema": "Biologia",
        "dica": "O conjunto completo de genes de um organismo."
    },
    {
        "palavra": "solução",
        "tema": "Química",
        "dica": "Mistura homogênea de substâncias em um solvente."
    },
    {
        "palavra": "eletrônica",
        "tema": "Física",
        "dica": "Ramo da física que lida com o fluxo de elétrons."
    },
    {
        "palavra": "aliteração",
        "tema": "Linguagem Portuguesa",
        "dica": "Repetição de sons consonantais em palavras próximas."
    },
    {
        "palavra": "hereditariedade",
        "tema": "Biologia",
        "dica": "Transmissão de características genéticas de geração para geração."
    },
    {
        "palavra": "equação química",
        "tema": "Química",
        "dica": "Representação simbólica de uma reação química."
    },
    {
        "palavra": "magnetismo",
        "tema": "Física",
        "dica": "Força de atração ou repulsão entre objetos magnéticos."
    },
    {
        "palavra": "ambiguidade",
        "tema": "Linguagem Portuguesa",
        "dica": "Situação em que uma frase pode ser interpretada de várias maneiras."
    },
    {
        "palavra": "genótipo",
        "tema": "Biologia",
        "dica": "A composição genética de um organismo."
    },
    {
        "palavra": "reação de síntese",
        "tema": "Química",
        "dica": "Uma reação química em que substâncias se combinam para formar um composto."
    },
    {
        "palavra": "aceleração",
        "tema": "Física",
        "dica": "Taxa de variação da velocidade de um objeto."
    },
    {
        "palavra": "hipérbole",
        "tema": "Linguagem Portuguesa",
        "dica": "Exagero intencional para enfatizar uma ideia."
    },
    {
        "palavra": "classificação",
        "tema": "Biologia",
        "dica": "Organização de seres vivos em categorias com base em suas características."
    },
    {
        "palavra": "reagente",
        "tema": "Química",
        "dica": "Substância que participa de uma reação química."
    },
    {
        "palavra": "ecossistema",
        "tema": "Biologia",
        "dica": "Comunidade de organismos interagindo com seu ambiente físico."
    },
    {
        "palavra": "cromatografia",
        "tema": "Química",
        "dica": "Técnica para separar componentes de uma mistura com base em suas afinidades."
    },
    {
        "palavra": "quark",
        "tema": "Física",
        "dica": "Partícula subatômica que compõe os prótons e nêutrons."
    },
    {
        "palavra": "elipse",
        "tema": "Matemática",
        "dica": "Uma curva plana em forma de oval."
    },
    {
        "palavra": "interferência",
        "tema": "Física",
        "dica": "Fenômeno em que duas ou mais ondas se encontram e se combinam."
    },
    {
        "palavra": "sintaxe",
        "tema": "Linguística",
        "dica": "O estudo da estrutura gramatical das frases e como elas se relacionam."
    },
    {
        "palavra": "bioluminescência",
        "tema": "Biologia",
        "dica": "Emissão de luz por organismos vivos, como vaga-lumes e águas-vivas."
    },
    {
        "palavra": "oxidação",
        "tema": "Química",
        "dica": "Processo de perda de elétrons por um átomo ou molécula."
    },
    {
        "palavra": "relatividade",
        "tema": "Física",
        "dica": "Teoria de Einstein sobre espaço, tempo e gravidade."
    },
    {
        "palavra": "sinestesia",
        "tema": "Psicologia",
        "dica": "Percepção misturada de sentidos diferentes, como ver cores ao ouvir sons."
    },
    {
        "palavra": "ambiguidade",
        "tema": "Linguagem",
        "dica": "Situação em que algo pode ser interpretado de diferentes maneiras."
    },
    {
        "palavra": "acidez",
        "tema": "Química",
        "dica": "Nível de pH menor que 7, indicando uma substância ácida."
    },
    {
        "palavra": "gravitação",
        "tema": "Física",
        "dica": "Força de atração entre massas devido à gravidade."
    },
    {
        "palavra": "protagonista",
        "tema": "Literatura",
        "dica": "Personagem principal de uma obra literária."
    },
    {
        "palavra": "domínio",
        "tema": "Biologia",
        "dica": "Categoria taxonômica acima do reino no sistema de classificação biológica."
    },
    {
        "palavra": "ligação covalente",
        "tema": "Química",
        "dica": "Tipo de ligação química onde átomos compartilham elétrons."
    },
    {
        "palavra": "equação de Schrödinger",
        "tema": "Física",
        "dica": "Equação fundamental na mecânica quântica que descreve o comportamento das partículas subatômicas."
    },
    {
        "palavra": "metáfora",
        "tema": "Linguagem",
        "dica": "Figura de linguagem que faz comparações implícitas entre coisas diferentes."
    },
    {
        "palavra": "ósmose",
        "tema": "Biologia",
        "dica": "Movimento de solvente através de uma membrana permeável para igualar concentrações."
    },
    {
        "palavra": "histerese",
        "tema": "Física",
        "dica": "Fenômeno em que um sistema não segue o mesmo caminho ao ser levado de volta ao seu estado inicial."
    },
    {
        "palavra": "onomatopeia",
        "tema": "Linguagem",
        "dica": "Palavra que imita o som que representa."
    },
    {
        "palavra": "hipótese",
        "tema": "Ciência",
        "dica": "Suposição inicial que pode ser testada e verificada."
    },
    {
        "palavra": "crescimento exponencial",
        "tema": "Matemática",
        "dica": "Crescimento em uma taxa constante proporcional ao valor atual."
    },
    {
        "palavra": "organismo multicelular",
        "tema": "Biologia",
        "dica": "Um organismo composto por várias células."
    },
    {
        "palavra": "isótopo",
        "tema": "Química",
        "dica": "Átomos do mesmo elemento com diferentes números de nêutrons."
    },
    {
        "palavra": "fóton",
        "tema": "Física",
        "dica": "Partícula elementar de luz."
    },
    {
        "palavra": "metonímia",
        "tema": "Linguagem",
        "dica": "Figura de linguagem em que um termo é substituído por outro relacionado."
    },
    {
        "palavra": "genética",
        "tema": "Biologia",
        "dica": "Estudo dos genes e hereditariedade."
    },
    {
        "palavra": "reagentes",
        "tema": "Química",
        "dica": "Substâncias que participam de uma reação química."
    },
    {
        "palavra": "partícula elementar",
        "tema": "Física",
        "dica": "Uma partícula indivisível que compõe a matéria."
    },
    {
        "palavra": "língua vernácula",
        "tema": "Linguística",
        "dica": "A língua nativa de um grupo ou região específica."
    },
    {
        "palavra": "mutação",
        "tema": "Biologia",
        "dica": "Mudança permanente na sequência de DNA de um organismo."
    },
    {
        "palavra": "tabela periódica",
        "tema": "Química",
        "dica": "Tabela que organiza elementos químicos por propriedades e número atômico."
    },
    {
        "palavra": "teoria da relatividade",
        "tema": "Física",
        "dica": "Teoria de Einstein que descreve a gravidade em relação ao espaço-tempo."
    },
    {
        "palavra": "paradoxo",
        "tema": "Linguagem",
        "dica": "Declaração que parece contraditória, mas pode ser verdadeira em contexto."
    },
    {
        "palavra": "seleção natural",
        "tema": "Biologia",
        "dica": "Processo pelo qual características vantajosas se tornam mais comuns em uma população."
    },
    {
        "palavra": "solubilidade",
        "tema": "Química",
        "dica": "Quantidade máxima de uma substância que pode se dissolver em outra."
    },
    {
        "palavra": "fusão nuclear",
        "tema": "Física",
        "dica": "Processo em que núcleos atômicos se combinam para liberar energia."
    },
    {
        "palavra": "paronomásia",
        "tema": "Linguagem",
        "dica": "Figura de linguagem que explora semelhanças sonoras entre palavras."
    },
    {
        "palavra": "bioquímica",
        "tema": "Biologia",
        "dica": "Estudo das reações químicas que ocorrem nos seres vivos."
    },
    {
        "palavra": "cinemática",
        "tema": "Física",
        "dica": "Estudo do movimento de objetos sem considerar as forças envolvidas."
    },
    {
        "palavra": "dêitico",
        "tema": "Linguística",
        "dica": "Palavra ou expressão que só tem significado em relação a um contexto específico."
    },
    {
        "palavra": "genótipo",
        "tema": "Genética",
        "dica": "Constituição genética de um indivíduo."
    },
    {
        "palavra": "reagente",
        "tema": "Química",
        "dica": "Substância que participa de uma reação química."
    },
    {
        "palavra": "dualidade",
        "tema": "Física",
        "dica": "Conceito em que uma partícula pode exibir características de onda e partícula."
    },
    {
        "palavra": "estilística",
        "tema": "Linguística",
        "dica": "Estudo das características estilísticas da linguagem."
    },
    {
        "palavra": "célula eucariótica",
        "tema": "Biologia",
        "dica": "Tipo de célula com núcleo definido e organelos membranosos."
    },
    {
        "palavra": "álgebra linear",
        "tema": "Matemática",
        "dica": "Ramo da matemática que lida com espaços vetoriais e transformações lineares."
    },
    {
        "palavra": "correlação",
        "tema": "Estatística",
        "dica": "Relação estatística entre duas variáveis que podem estar interligadas."
    },
    {
        "palavra": "proteína",
        "tema": "Biologia",
        "dica": "Molécula composta por aminoácidos, essencial para a vida."
    },
    {
        "palavra": "dialética",
        "tema": "Filosofia",
        "dica": "Método de argumentação para chegar à verdade"
    },
    {
        "palavra": "subconsciente",
        "tema": "Psicologia",
        "dica": "Parte da mente fora da consciência imediata"
    },
    {
        "palavra": "solipsismo",
        "tema": "Filosofia",
        "dica": "Crença de que só a própria mente é certa"
    },
    {
        "palavra": "inconsciente",
        "tema": "Psicologia",
        "dica": "Parte não acessível da mente, segundo Freud"
    },
    {
        "palavra": "ética",
        "tema": "Filosofia",
        "dica": "Estudo dos valores e moralidade"
    },
    {
        "palavra": "psicanálise",
        "tema": "Psicologia",
        "dica": "Método de análise da mente proposto por Freud"
    },
    {
        "palavra": "existencialismo",
        "tema": "Filosofia",
        "dica": "Doutrina que enfatiza a existência individual"
    },
    {
        "palavra": "empatia",
        "tema": "Psicologia",
        "dica": "Capacidade de se colocar no lugar do outro"
    },
    {
        "palavra": "absurdo",
        "tema": "Filosofia",
        "dica": "Situação que parece sem sentido ou irracional"
    },
    {
        "palavra": "introspecção",
        "tema": "Psicologia",
        "dica": "Análise dos próprios pensamentos e sentimentos"
    },
    {
        "palavra": "sofismo",
        "tema": "Filosofia",
        "dica": "Argumento falso que parece verdadeiro"
    },
    {
        "palavra": "condicionamento",
        "tema": "Psicologia",
        "dica": "Aprendizado associativo de respostas"
    },
    {
        "palavra": "epistemologia",
        "tema": "Filosofia",
        "dica": "Estudo do conhecimento e suas origens"
    },
    {
        "palavra": "personalidade",
        "tema": "Psicologia",
        "dica": "Padrões de pensamentos, emoções e comportamentos"
    },
    {
        "palavra": "nihilismo",
        "tema": "Filosofia",
        "dica": "Crença na falta de significado ou valor na vida"
    },
    {
        "palavra": "cognição",
        "tema": "Psicologia",
        "dica": "Processo de adquirir conhecimento"
    },
    {
        "palavra": "utilitarismo",
        "tema": "Filosofia",
        "dica": "Doutrina que valoriza a busca pela felicidade"
    },
    {
        "palavra": "terapia",
        "tema": "Psicologia",
        "dica": "Tratamento para distúrbios mentais"
    },
    {
        "palavra": "racionalismo",
        "tema": "Filosofia",
        "dica": "Crença na razão como fonte primária de conhecimento"
    },
    {
        "palavra": "psicossomático",
        "tema": "Psicologia",
        "dica": "Relativo à influência da mente no corpo"
    },
    {
        "palavra": "fenomenologia",
        "tema": "Filosofia",
        "dica": "Estudo da experiência consciente direta"
    },
    {
        "palavra": "psicopatologia",
        "tema": "Psicologia",
        "dica": "Estudo dos transtornos mentais"
    },
    {
        "palavra": "hedonismo",
        "tema": "Filosofia",
        "dica": "Busca pelo prazer e felicidade"
    },
    {
        "palavra": "neurociência",
        "tema": "Psicologia",
        "dica": "Estudo do sistema nervoso e do cérebro"
    },
    {
        "palavra": "sofrimento",
        "tema": "Filosofia",
        "dica": "Experiência que gera angústia"
    },
    {
        "palavra": "inconsciente",
        "tema": "Psicologia",
        "dica": "Parte oculta da mente segundo Jung"
    },
    {
        "palavra": "ética",
        "tema": "Filosofia",
        "dica": "Estudo dos princípios morais"
    },
    {
        "palavra": "psicoterapia",
        "tema": "Psicologia",
        "dica": "Tratamento para problemas emocionais"
    },
    {
        "palavra": "nihilismo",
        "tema": "Filosofia",
        "dica": "Rejeição de valores e crenças"
    },
    {
        "palavra": "psicologia",
        "tema": "Psicologia",
        "dica": "Estudo da mente e do comportamento"
    },
    {
        "palavra": "epifania",
        "tema": "Filosofia",
        "dica": "Revelação súbita de conhecimento"
    },
    {
        "palavra": "identidade",
        "tema": "Psicologia",
        "dica": "Senso de quem somos"
    },
    {
        "palavra": "absolutismo",
        "tema": "Filosofia",
        "dica": "Crença em autoridade absoluta"
    },
    {
        "palavra": "psicodinâmica",
        "tema": "Psicologia",
        "dica": "Abordagem que explora o inconsciente"
    },
    {
        "palavra": "cosmologia",
        "tema": "Filosofia",
        "dica": "Estudo da origem e estrutura do universo"
    },
    {
        "palavra": "resiliência",
        "tema": "Psicologia",
        "dica": "Capacidade de superar adversidades"
    },
    {
        "palavra": "empirismo",
        "tema": "Filosofia",
        "dica": "Conhecimento baseado em experiência"
    },
    {
        "palavra": "psicopatia",
        "tema": "Psicologia",
        "dica": "Transtorno de personalidade antissocial"
    },
    {
        "palavra": "existência",
        "tema": "Filosofia",
        "dica": "Estado de estar no mundo"
    },
    {
        "palavra": "neuroplasticidade",
        "tema": "Psicologia",
        "dica": "Capacidade do cérebro de se reorganizar"
    },
    {
        "palavra": "ética",
        "tema": "Filosofia",
        "dica": "Estudo dos valores e conduta moral"
    },
    {
        "palavra": "inteligência",
        "tema": "Psicologia",
        "dica": "Capacidade de aprender e raciocinar"
    },
    {
        "palavra": "sofisma",
        "tema": "Filosofia",
        "dica": "Argumento enganoso que parece verdadeiro"
    },
    {
        "palavra": "autoestima",
        "tema": "Psicologia",
        "dica": "Valorização de si mesmo"
    },
    {
        "palavra": "epistemologia",
        "tema": "Filosofia",
        "dica": "Estudo da natureza do conhecimento"
    },
    {
        "palavra": "psicossocial",
        "tema": "Psicologia",
        "dica": "Relativo à interação entre mente e sociedade"
    },
    {
        "palavra": "metafísica",
        "tema": "Filosofia",
        "dica": "Estudo da natureza da realidade"
    },
    {
        "palavra": "psicoterapeuta",
        "tema": "Psicologia",
        "dica": "Profissional que oferece terapia"
    },
    {
        "palavra": "hedonismo",
        "tema": "Filosofia",
        "dica": "Busca pelo prazer como objetivo"
    },
    {
        "palavra": "introspecção",
        "tema": "Psicologia",
        "dica": "Análise dos próprios pensamentos"
    },
    {
        "palavra": "altruísmo",
        "tema": "Filosofia",
        "dica": "Comportamento voltado para o bem dos outros"
    },
    {
        "palavra": "psicologia",
        "tema": "Psicologia",
        "dica": "Estudo do comportamento e processos mentais"
    },
    {
        "palavra": "inovação",
        "tema": "Empreendedorismo",
        "dica": "Introdução de algo novo no mercado"
    },
    {
        "palavra": "aprendizado",
        "tema": "Educação",
        "dica": "Processo de adquirir conhecimento"
    },
    {
        "palavra": "ginástica",
        "tema": "Educação Física",
        "dica": "Atividade que trabalha o condicionamento físico"
    },
    {
        "palavra": "homeostase",
        "tema": "Fisiologia",
        "dica": "Equilíbrio interno do corpo"
    },
    {
        "palavra": "autoconsciência",
        "tema": "Consciência",
        "dica": "Conhecimento sobre si mesmo"
    },
    {
        "palavra": "sonho",
        "tema": "Subconsciente",
        "dica": "Experiência mental durante o sono"
    },
    {
        "palavra": "CEO",
        "tema": "Cargos",
        "dica": "Sigla de um alto cargo executivo"
    },
    {
        "palavra": "cabeça",
        "tema": "Curiosidades",
        "dica": "Parte do corpo onde fica o cérebro"
    },
    {
        "palavra": "empreendedor",
        "tema": "Empreendedorismo",
        "dica": "Pessoa que cria e gerencia negócios"
    },
    {
        "palavra": "professor",
        "tema": "Educação",
        "dica": "Indivíduo que ensina e orienta"
    },
    {
        "palavra": "corrida",
        "tema": "Educação Física",
        "dica": "Atividade aeróbica de alta intensidade"
    },
    {
        "palavra": "anatomia",
        "tema": "Fisiologia",
        "dica": "Estudo das estruturas do corpo"
    },
    {
        "palavra": "consciência",
        "tema": "Consciência",
        "dica": "Estado de estar ciente e alerta"
    },
    {
        "palavra": "hipnose",
        "tema": "Subconsciente",
        "dica": "Estado de transe induzido"
    },
    {
        "palavra": "gerente",
        "tema": "Cargos",
        "dica": "Responsável pela gestão de equipe"
    },
    {
        "palavra": "curiosidade",
        "tema": "Curiosidades",
        "dica": "Desejo de aprender e explorar o desconhecido"
    },
    {
        "palavra": "startups",
        "tema": "Empreendedorismo",
        "dica": "Empresas emergentes e inovadoras"
    },
    {
        "palavra": "educação",
        "tema": "Educação",
        "dica": "Processo de instrução e aprendizado"
    },
    {
        "palavra": "alongamento",
        "tema": "Educação Física",
        "dica": "Exercício para aumentar flexibilidade"
    },
    {
        "palavra": "respiração",
        "tema": "Fisiologia",
        "dica": "Processo de obtenção de oxigênio"
    },
    {
        "palavra": "mente",
        "tema": "Consciência",
        "dica": "Sede dos processos mentais"
    },
    {
        "palavra": "freud",
        "tema": "Subconsciente",
        "dica": "Psicanalista famoso por suas teorias"
    },
    {
        "palavra": "presidente",
        "tema": "Cargos",
        "dica": "Chefe de Estado ou organização"
    },
    {
        "palavra": "fatos",
        "tema": "Curiosidades",
        "dica": "Informações verdadeiras sobre algo"
    },
    {
        "palavra": "inovação",
        "tema": "Empreendedorismo",
        "dica": "Mudança que cria valor"
    },
    {
        "palavra": "ensino",
        "tema": "Educação",
        "dica": "Processo de transmitir conhecimento"
    },
    {
        "palavra": "aquecimento",
        "tema": "Educação Física",
        "dica": "Atividade preparatória para o exercício"
    },
    {
        "palavra": "sistema circulatório",
        "tema": "Fisiologia",
        "dica": "Transporta sangue pelo corpo"
    },
    {
        "palavra": "percepção",
        "tema": "Consciência",
        "dica": "Interpretação dos sentidos"
    },
    {
        "palavra": "psicoterapia",
        "tema": "Subconsciente",
        "dica": "Tratamento da mente para distúrbios"
    },
    {
        "palavra": "gerente de projetos",
        "tema": "Cargos",
        "dica": "Supervisiona execução de projetos"
    },
    {
        "palavra": "curiosidades",
        "tema": "Curiosidades",
        "dica": "Fatos interessantes e incomuns"
    },
    {
        "palavra": "empreendedorismo",
        "tema": "Empreendedorismo",
        "dica": "Atividade de criação de negócios"
    },
    {
        "palavra": "aprendizagem",
        "tema": "Educação",
        "dica": "Processo de adquirir habilidades"
    },
    {
        "palavra": "musculação",
        "tema": "Educação Física",
        "dica": "Treino para fortalecer os músculos"
    },
    {
        "palavra": "digestão",
        "tema": "Fisiologia",
        "dica": "Processo de quebra de alimentos"
    },
    {
        "palavra": "mente",
        "tema": "Consciência",
        "dica": "Centro de pensamentos e emoções"
    },
    {
        "palavra": "subconsciente",
        "tema": "Subconsciente",
        "dica": "Parte da mente fora da consciência"
    },
    {
        "palavra": "CEO",
        "tema": "Cargos",
        "dica": "Líder máximo de uma empresa"
    },
    {
        "palavra": "curiosidade",
        "tema": "Curiosidades",
        "dica": "Desejo de descobrir novidades"
    },
    {
        "palavra": "startups",
        "tema": "Empreendedorismo",
        "dica": "Pequenas empresas inovadoras"
    },
    {
        "palavra": "ensino",
        "tema": "Educação",
        "dica": "Transmissão de conhecimento"
    },
    {
        "palavra": "resistência",
        "tema": "Educação Física",
        "dica": "Capacidade de suportar esforço"
    },
    {
        "palavra": "homeostase",
        "tema": "Fisiologia",
        "dica": "Equilíbrio interno do corpo"
    },
    {
        "palavra": "autoconsciência",
        "tema": "Consciência",
        "dica": "Conhecimento sobre si mesmo"
    },
    {
        "palavra": "hipnose",
        "tema": "Subconsciente",
        "dica": "Estado de transe induzido"
    },
    {
        "palavra": "diretor",
        "tema": "Cargos",
        "dica": "Responsável por uma organização"
    },
    {
        "palavra": "curiosidades",
        "tema": "Curiosidades",
        "dica": "Fatos interessantes e incomuns"
    },
    {
        "palavra": "educação",
        "tema": "Educação",
        "dica": "Processo de instrução e aprendizado"
    }
]